{
    "B1855+09": [
        [
            0.23527600482310745,
            -0.9573531160580064,
            0.1676908248190767
        ],
        [
            1.402309470247295,
            4.9533700406617465
        ]
    ],
    "B1937+21": [
        [
            0.3840023145764836,
            -0.8477095923832467,
            0.36596539369362924
        ],
        [
            1.1961263783076368,
            5.13772499020991
        ]
    ],
    "B1953+29": [
        [
            0.4154252655828985,
            -0.7695472445997269,
            0.4849936979429181
        ],
        [
            1.0644403654535461,
            5.207391194925627
        ]
    ],
    "J0023+0923": [
        [
            0.9815146564435266,
            0.1000502495551577,
            0.16315307766173645
        ],
        [
            1.4069106122091741,
            0.10158367407397487
        ]
    ],
    "J0030+0451": [
        [
            0.9876174257709858,
            0.13202679701134695,
            0.08473927769586091
        ],
        [
            1.4859553047915817,
            0.13289421670356055
        ]
    ],
    "J0340+4130": [
        [
            0.42846048911498924,
            0.6141158091398372,
            0.6627845669837727
        ],
        [
            0.8462650016545497,
            0.9616245383848305
        ]
    ],
    "J0406+3039": [
        [
            0.4086596755952769,
            0.7569204602334075,
            0.5099692994900866
        ],
        [
            1.0356472271711716,
            1.075742209391311
        ]
    ],
    "J0437-4715": [
        [
            0.2397413095819506,
            0.6350175734732572,
            -0.7343546730702186
        ],
        [
            2.3955117826044,
            1.2098051140781307
        ]
    ],
    "J0509+0856": [
        [
            0.21645785503344211,
            0.9638439947196297,
            0.15540511843960583
        ],
        [
            1.4147587858403063,
            1.3498838843065517
        ]
    ],
    "J0557+1551": [
        [
            0.010392781634513674,
            0.9619951929347659,
            0.27286853768857267
        ],
        [
            1.2944228618491012,
            1.5599933857654174
        ]
    ],
    "J0605+3757": [
        [
            -0.01751747327178528,
            0.7882458305179851,
            0.6151110865536276
        ],
        [
            0.9082694740047054,
            1.5930160323958258
        ]
    ],
    "J0610-2100": [
        [
            -0.04164258160782908,
            0.9326029744333005,
            -0.3584934971170271
        ],
        [
            1.9374499528382565,
            1.615418679653409
        ]
    ],
    "J0613-0200": [
        [
            -0.059848418880009586,
            0.9975891795826672,
            -0.03512827261827561
        ],
        [
            1.6059318281165829,
            1.6307175581917355
        ]
    ],
    "J0614-3329": [
        [
            -0.051534828702535035,
            0.8323077037112868,
            -0.5519130799079193
        ],
        [
            2.1554529590061486,
            1.632635380804688
        ]
    ],
    "J0636+5128": [
        [
            -0.0976352139622983,
            0.615040890657321,
            0.7824270367350463
        ],
        [
            0.6722426580015057,
            1.7282285447574288
        ]
    ],
    "J0645+5158": [
        [
            -0.12278291046789122,
            0.6037033180911133,
            0.7876970614537125
        ],
        [
            0.6637344702612409,
            1.771442515335022
        ]
    ],
    "J0709+0458": [
        [
            -0.29600044218407195,
            0.9512334857589299,
            0.0868250758580138
        ],
        [
            1.4838617893652168,
            1.8724739699980664
        ]
    ],
    "J0740+6620": [
        [
            -0.17079254513977019,
            0.36310382541407205,
            0.915961526754452
        ],
        [
            0.41289868950231523,
            2.0104588702225312
        ]
    ],
    "J0931-1902": [
        [
            -0.753209180559062,
            0.5711027605510198,
            -0.32637029155937386
        ],
        [
            1.9032573655081908,
            2.49284767831772
        ]
    ],
    "J1012+5307": [
        [
            -0.5354243682837568,
            0.27117418907605034,
            0.7998658043865148
        ],
        [
            0.6437247348118929,
            2.672785707665786
        ]
    ],
    "J1012-4235": [
        [
            -0.6562007469677673,
            0.33357369824374955,
            -0.6768523971435221
        ],
        [
            2.3142745649338314,
            2.671294587044836
        ]
    ],
    "J1022+1001": [
        [
            -0.8977644883952525,
            0.40457055833648603,
            0.17418836558081222
        ],
        [
            1.3957148538559778,
            2.7182048071349794
        ]
    ],
    "J1024-0719": [
        [
            -0.9072264116609288,
            0.4008706757026969,
            -0.12744779066934964
        ],
        [
            1.6985916851125409,
            2.7255252046605634
        ]
    ],
    "J1125+7819": [
        [
            -0.20004910612774612,
            0.02989931160507402,
            0.9793295595983165
        ],
        [
            0.20367644310412114,
            2.993231001043806
        ]
    ],
    "J1312+0051": [
        [
            -0.9498985772134705,
            -0.3122060531695432,
            0.014834870141683913
        ],
        [
            1.5559609124726697,
            3.459143096624485
        ]
    ],
    "J1453+1902": [
        [
            -0.6863789573239335,
            -0.6499959765513477,
            0.3261735081363444
        ],
        [
            1.2385434637161137,
            3.8997724108863983
        ]
    ],
    "J1455-3330": [
        [
            -0.6002643507056409,
            -0.5786545734173536,
            -0.5521246181208694
        ],
        [
            2.1557066531647466,
            3.908662705464443
        ]
    ],
    "J1600-3053": [
        [
            -0.42623765464048713,
            -0.7447428733624872,
            -0.5134973362563462
        ],
        [
            2.1100518863983795,
            4.192564637447334
        ]
    ],
    "J1614-2230": [
        [
            -0.4100106375726709,
            -0.8278508913876788,
            -0.3828239526281994
        ],
        [
            1.9636475113224514,
            4.252531627312855
        ]
    ],
    "J1630+3734": [
        [
            -0.30134139093947326,
            -0.7329952506669213,
            0.6098453317082955
        ],
        [
            0.9149309105272325,
            4.322342193016809
        ]
    ],
    "J1640+2224": [
        [
            -0.31514961510750134,
            -0.8691583006175402,
            0.3811096542535016
        ],
        [
            1.1798000905283206,
            4.364540915518785
        ]
    ],
    "J1643-1224": [
        [
            -0.3194195072299576,
            -0.9228978646108869,
            -0.2150132784216735
        ],
        [
            1.7875017530432538,
            4.37918835579982
        ]
    ],
    "J1705-1903": [
        [
            -0.22172452772907816,
            -0.9187936409269515,
            -0.32658303568237174
        ],
        [
            1.9034824426761514,
            4.4755949833333615
        ]
    ],
    "J1713+0747": [
        [
            -0.19826516452066245,
            -0.9707222113863487,
            0.13560720061557036
        ],
        [
            1.4347700281756965,
            4.510915035380694
        ]
    ],
    "J1719-1438": [
        [
            -0.17147357662289478,
            -0.9522453846830469,
            -0.25263717040449196
        ],
        [
            1.826201201565954,
            4.534225442387992
        ]
    ],